session_id,turn,timestamp,action_type,action_target,screenshot_path,agent_proposals,consensus_action,confidence_scores,success,latency,safety_pass,validators,persona_name,persona_goals,scenario_name,scenario_description,test_objective,conclusion
20251123_210841_aea3fd68,1,2025-11-23T21:09:06.724982,navigate,/login,results/adversarial_attacker_juice_shop_security_audit/screenshots/turn_1.png,"[{""agent_id"": 1, ""action"": {""type"": ""fill"", ""target"": ""#search"", ""payload"": {""selector"": ""#search"", ""value"": ""' OR '1'='1""}}, ""confidence"": 0.8, ""reasoning"": ""Agent 1 (gpt-4o) independent analysis""}, {""agent_id"": 2, ""action"": {""type"": ""fill"", ""target"": ""#twotabsearchtextbox"", ""payload"": {""selector"": ""#twotabsearchtextbox"", ""value"": ""' OR 1=1 --""}}, ""confidence"": 0.8, ""reasoning"": ""Agent 2 (gemini-2.5-pro) independent analysis""}, {""agent_id"": 3, ""action"": {""type"": ""navigate"", ""target"": ""/login"", ""payload"": null}, ""confidence"": 0.8, ""reasoning"": ""Agent 3 (grok-2-vision-1212) independent analysis""}, {""agent_id"": 1, ""action"": {""type"": ""navigate"", ""target"": ""/login"", ""payload"": null}, ""confidence"": 0.85, ""reasoning"": ""Agent 1 (gpt-4o) refined after discussion (changed mind)""}, {""agent_id"": 2, ""action"": {""type"": ""fill"", ""target"": ""#twotabsearchtextbox"", ""payload"": {""selector"": ""#twotabsearchtextbox"", ""value"": ""<script>alert('XSS')</script>""}}, ""confidence"": 0.9, ""reasoning"": ""Agent 2 (gemini-2.5-pro) refined after discussion (confirmed original)""}, {""agent_id"": 3, ""action"": {""type"": ""navigate"", ""target"": ""/login"", ""payload"": null}, ""confidence"": 0.9, ""reasoning"": ""Agent 3 (grok-2-vision-1212) refined after discussion (confirmed original)""}]","{""type"": ""navigate"", ""target"": ""/login"", ""payload"": null}","{""agent_1"": 0.85, ""agent_2"": 0.9, ""agent_3"": 0.9, ""consensus_strength"": 0.5833333333333334}",True,0.573,True,ok,Adversarial Attacker,"[""Test security boundaries and input validation"", ""Attempt SQL injection attacks"", ""Try XSS (Cross-Site Scripting) attacks"", ""Test command injection vulnerabilities"", ""Probe for path traversal issues"", ""Report any security weaknesses discovered""]",Juice Shop Security Audit,Comprehensive security testing of OWASP Juice Shop application,"Perform a comprehensive security audit of the OWASP Juice Shop application, attempting to discover and exploit security vulnerabilities across OWASP Top 10 categories including injection attacks, broken access control, authentication failures, and other common vulnerabilities.",
20251123_210841_aea3fd68,2,2025-11-23T21:09:22.414067,navigate,/,results/adversarial_attacker_juice_shop_security_audit/screenshots/turn_2.png,"[{""agent_id"": 1, ""action"": {""type"": ""navigate"", ""target"": ""/"", ""payload"": null}, ""confidence"": 0.8, ""reasoning"": ""Agent 1 (gpt-4o) independent analysis""}, {""agent_id"": 2, ""action"": {""type"": ""navigate"", ""target"": ""/"", ""payload"": null}, ""confidence"": 0.8, ""reasoning"": ""Agent 2 (gemini-2.5-pro) independent analysis""}, {""agent_id"": 3, ""action"": {""type"": ""fill"", ""target"": ""#email"", ""payload"": {""selector"": ""#email"", ""value"": ""test' OR '1'='1'--""}}, ""confidence"": 0.8, ""reasoning"": ""Agent 3 (grok-2-vision-1212) independent analysis""}, {""agent_id"": 1, ""action"": {""type"": ""navigate"", ""target"": ""/"", ""payload"": null}, ""confidence"": 0.9, ""reasoning"": ""Agent 1 (gpt-4o) refined after discussion (confirmed original)""}, {""agent_id"": 2, ""action"": {""type"": ""navigate"", ""target"": ""/"", ""payload"": null}, ""confidence"": 0.9, ""reasoning"": ""Agent 2 (gemini-2.5-pro) refined after discussion (confirmed original)""}, {""agent_id"": 3, ""action"": {""type"": ""fill"", ""target"": ""#email"", ""payload"": {""selector"": ""#email"", ""value"": ""test' OR '1'='1'--""}}, ""confidence"": 0.9, ""reasoning"": ""Agent 3 (grok-2-vision-1212) refined after discussion (confirmed original)""}]","{""type"": ""navigate"", ""target"": ""/"", ""payload"": null}","{""agent_1"": 0.9, ""agent_2"": 0.9, ""agent_3"": 0.9, ""consensus_strength"": 0.6}",True,0.593,True,ok,Adversarial Attacker,"[""Test security boundaries and input validation"", ""Attempt SQL injection attacks"", ""Try XSS (Cross-Site Scripting) attacks"", ""Test command injection vulnerabilities"", ""Probe for path traversal issues"", ""Report any security weaknesses discovered""]",Juice Shop Security Audit,Comprehensive security testing of OWASP Juice Shop application,"Perform a comprehensive security audit of the OWASP Juice Shop application, attempting to discover and exploit security vulnerabilities across OWASP Top 10 categories including injection attacks, broken access control, authentication failures, and other common vulnerabilities.",
20251123_210841_aea3fd68,3,2025-11-23T21:09:42.156374,navigate,/login,results/adversarial_attacker_juice_shop_security_audit/screenshots/turn_3.png,"[{""agent_id"": 1, ""action"": {""type"": ""navigate"", ""target"": ""/login"", ""payload"": null}, ""confidence"": 0.8, ""reasoning"": ""Agent 1 (gpt-4o) independent analysis""}, {""agent_id"": 2, ""action"": {""type"": ""fill"", ""target"": ""#twotabsearchtextbox"", ""payload"": {""selector"": ""#twotabsearchtextbox"", ""value"": ""<script>alert('XSS')</script>""}}, ""confidence"": 0.8, ""reasoning"": ""Agent 2 (gemini-2.5-pro) independent analysis""}, {""agent_id"": 3, ""action"": {""type"": ""navigate"", ""target"": ""/login"", ""payload"": null}, ""confidence"": 0.8, ""reasoning"": ""Agent 3 (grok-2-vision-1212) independent analysis""}, {""agent_id"": 1, ""action"": {""type"": ""navigate"", ""target"": ""/login"", ""payload"": null}, ""confidence"": 0.9, ""reasoning"": ""Agent 1 (gpt-4o) refined after discussion (confirmed original)""}, {""agent_id"": 2, ""action"": {""type"": ""fill"", ""target"": ""#twotabsearchtextbox"", ""payload"": {""selector"": ""#twotabsearchtextbox"", ""value"": ""<script>alert('XSS')</script>""}}, ""confidence"": 0.9, ""reasoning"": ""Agent 2 (gemini-2.5-pro) refined after discussion (confirmed original)""}, {""agent_id"": 3, ""action"": {""type"": ""navigate"", ""target"": ""/login"", ""payload"": null}, ""confidence"": 0.9, ""reasoning"": ""Agent 3 (grok-2-vision-1212) refined after discussion (confirmed original)""}]","{""type"": ""navigate"", ""target"": ""/login"", ""payload"": null}","{""agent_1"": 0.9, ""agent_2"": 0.9, ""agent_3"": 0.9, ""consensus_strength"": 0.6}",True,0.573,True,ok,Adversarial Attacker,"[""Test security boundaries and input validation"", ""Attempt SQL injection attacks"", ""Try XSS (Cross-Site Scripting) attacks"", ""Test command injection vulnerabilities"", ""Probe for path traversal issues"", ""Report any security weaknesses discovered""]",Juice Shop Security Audit,Comprehensive security testing of OWASP Juice Shop application,"Perform a comprehensive security audit of the OWASP Juice Shop application, attempting to discover and exploit security vulnerabilities across OWASP Top 10 categories including injection attacks, broken access control, authentication failures, and other common vulnerabilities.",
20251123_210841_aea3fd68,4,2025-11-23T21:09:58.440548,navigate,/,results/adversarial_attacker_juice_shop_security_audit/screenshots/turn_4.png,"[{""agent_id"": 1, ""action"": {""type"": ""navigate"", ""target"": ""/"", ""payload"": null}, ""confidence"": 0.8, ""reasoning"": ""Agent 1 (gpt-4o) independent analysis""}, {""agent_id"": 2, ""action"": {""type"": ""navigate"", ""target"": ""/"", ""payload"": null}, ""confidence"": 0.8, ""reasoning"": ""Agent 2 (gemini-2.5-pro) independent analysis""}, {""agent_id"": 3, ""action"": {""type"": ""fill"", ""target"": ""#email"", ""payload"": {""selector"": ""#email"", ""value"": ""test' OR '1'='1'--""}}, ""confidence"": 0.8, ""reasoning"": ""Agent 3 (grok-2-vision-1212) independent analysis""}, {""agent_id"": 1, ""action"": {""type"": ""navigate"", ""target"": ""/"", ""payload"": null}, ""confidence"": 0.9, ""reasoning"": ""Agent 1 (gpt-4o) refined after discussion (confirmed original)""}, {""agent_id"": 2, ""action"": {""type"": ""navigate"", ""target"": ""/"", ""payload"": null}, ""confidence"": 0.9, ""reasoning"": ""Agent 2 (gemini-2.5-pro) refined after discussion (confirmed original)""}, {""agent_id"": 3, ""action"": {""type"": ""fill"", ""target"": ""#email"", ""payload"": {""selector"": ""#email"", ""value"": ""test@example.com'""}}, ""confidence"": 0.9, ""reasoning"": ""Agent 3 (grok-2-vision-1212) refined after discussion (confirmed original)""}]","{""type"": ""navigate"", ""target"": ""/"", ""payload"": null}","{""agent_1"": 0.9, ""agent_2"": 0.9, ""agent_3"": 0.9, ""consensus_strength"": 0.6}",True,0.584,True,ok,Adversarial Attacker,"[""Test security boundaries and input validation"", ""Attempt SQL injection attacks"", ""Try XSS (Cross-Site Scripting) attacks"", ""Test command injection vulnerabilities"", ""Probe for path traversal issues"", ""Report any security weaknesses discovered""]",Juice Shop Security Audit,Comprehensive security testing of OWASP Juice Shop application,"Perform a comprehensive security audit of the OWASP Juice Shop application, attempting to discover and exploit security vulnerabilities across OWASP Top 10 categories including injection attacks, broken access control, authentication failures, and other common vulnerabilities.",
20251123_210841_aea3fd68,5,2025-11-23T21:10:28.160825,fill,#twotabsearchtextbox,results/adversarial_attacker_juice_shop_security_audit/screenshots/turn_5.png,"[{""agent_id"": 1, ""action"": {""type"": ""navigate"", ""target"": ""/login"", ""payload"": null}, ""confidence"": 0.8, ""reasoning"": ""Agent 1 (gpt-4o) independent analysis""}, {""agent_id"": 2, ""action"": {""type"": ""fill"", ""target"": ""#twotabsearchtextbox"", ""payload"": {""selector"": ""#twotabsearchtextbox"", ""value"": ""<script>alert('XSS')</script>""}}, ""confidence"": 0.8, ""reasoning"": ""Agent 2 (gemini-2.5-pro) independent analysis""}, {""agent_id"": 3, ""action"": {""type"": ""click"", ""target"": ""#search_query"", ""payload"": {""selector"": ""#search_query""}}, ""confidence"": 0.8, ""reasoning"": ""Agent 3 (grok-2-vision-1212) independent analysis""}, {""agent_id"": 1, ""action"": {""type"": ""fill"", ""target"": ""#twotabsearchtextbox"", ""payload"": {""selector"": ""#twotabsearchtextbox"", ""value"": ""' OR '1'='1""}}, ""confidence"": 0.85, ""reasoning"": ""Agent 1 (gpt-4o) refined after discussion (changed mind)""}, {""agent_id"": 2, ""action"": {""type"": ""fill"", ""target"": ""#twotabsearchtextbox"", ""payload"": {""selector"": ""#twotabsearchtextbox"", ""value"": ""<script>alert('XSS')</script>""}}, ""confidence"": 0.9, ""reasoning"": ""Agent 2 (gemini-2.5-pro) refined after discussion (confirmed original)""}, {""agent_id"": 3, ""action"": {""type"": ""fill"", ""target"": ""#twotabsearchtextbox"", ""payload"": {""selector"": ""#twotabsearchtextbox"", ""value"": ""' OR '1'='1""}}, ""confidence"": 0.85, ""reasoning"": ""Agent 3 (grok-2-vision-1212) refined after discussion (changed mind)""}]","{""type"": ""fill"", ""target"": ""#twotabsearchtextbox"", ""payload"": {""selector"": ""#twotabsearchtextbox"", ""value"": ""' OR '1'='1""}}","{""agent_1"": 0.85, ""agent_2"": 0.9, ""agent_3"": 0.85, ""consensus_strength"": 0.8666666666666667}",True,5.009,True,ok,Adversarial Attacker,"[""Test security boundaries and input validation"", ""Attempt SQL injection attacks"", ""Try XSS (Cross-Site Scripting) attacks"", ""Test command injection vulnerabilities"", ""Probe for path traversal issues"", ""Report any security weaknesses discovered""]",Juice Shop Security Audit,Comprehensive security testing of OWASP Juice Shop application,"Perform a comprehensive security audit of the OWASP Juice Shop application, attempting to discover and exploit security vulnerabilities across OWASP Top 10 categories including injection attacks, broken access control, authentication failures, and other common vulnerabilities.",
20251123_210841_aea3fd68,6,2025-11-23T21:10:57.859097,click,#nav-search-submit-button,results/adversarial_attacker_juice_shop_security_audit/screenshots/turn_6.png,"[{""agent_id"": 1, ""action"": {""type"": ""navigate"", ""target"": ""/admin"", ""payload"": null}, ""confidence"": 0.8, ""reasoning"": ""Agent 1 (gpt-4o) independent analysis""}, {""agent_id"": 2, ""action"": {""type"": ""click"", ""target"": ""#nav-search-submit-button"", ""payload"": {""selector"": ""#nav-search-submit-button""}}, ""confidence"": 0.8, ""reasoning"": ""Agent 2 (gemini-2.5-pro) independent analysis""}, {""agent_id"": 3, ""action"": {""type"": ""click"", ""target"": ""#nav-link-accountList"", ""payload"": {""selector"": ""#nav-link-accountList""}}, ""confidence"": 0.8, ""reasoning"": ""Agent 3 (grok-2-vision-1212) independent analysis""}, {""agent_id"": 1, ""action"": {""type"": ""click"", ""target"": ""#nav-search-submit-button"", ""payload"": {""selector"": ""#nav-search-submit-button""}}, ""confidence"": 0.85, ""reasoning"": ""Agent 1 (gpt-4o) refined after discussion (changed mind)""}, {""agent_id"": 2, ""action"": {""type"": ""click"", ""target"": ""#nav-search-submit-button"", ""payload"": {""selector"": ""#nav-search-submit-button""}}, ""confidence"": 0.9, ""reasoning"": ""Agent 2 (gemini-2.5-pro) refined after discussion (confirmed original)""}, {""agent_id"": 3, ""action"": {""type"": ""navigate"", ""target"": ""/admin"", ""payload"": null}, ""confidence"": 0.85, ""reasoning"": ""Agent 3 (grok-2-vision-1212) refined after discussion (changed mind)""}]","{""type"": ""click"", ""target"": ""#nav-search-submit-button"", ""payload"": {""selector"": ""#nav-search-submit-button""}}","{""agent_1"": 0.85, ""agent_2"": 0.9, ""agent_3"": 0.85, ""consensus_strength"": 0.5833333333333334}",True,5.005,True,ok,Adversarial Attacker,"[""Test security boundaries and input validation"", ""Attempt SQL injection attacks"", ""Try XSS (Cross-Site Scripting) attacks"", ""Test command injection vulnerabilities"", ""Probe for path traversal issues"", ""Report any security weaknesses discovered""]",Juice Shop Security Audit,Comprehensive security testing of OWASP Juice Shop application,"Perform a comprehensive security audit of the OWASP Juice Shop application, attempting to discover and exploit security vulnerabilities across OWASP Top 10 categories including injection attacks, broken access control, authentication failures, and other common vulnerabilities.",
20251123_210841_aea3fd68,7,2025-11-23T21:11:21.540212,navigate,/login,results/adversarial_attacker_juice_shop_security_audit/screenshots/turn_7.png,"[{""agent_id"": 1, ""action"": {""type"": ""navigate"", ""target"": ""/login"", ""payload"": null}, ""confidence"": 0.8, ""reasoning"": ""Agent 1 (gpt-4o) independent analysis""}, {""agent_id"": 2, ""action"": {""type"": ""fill"", ""target"": ""#twotabsearchtextbox"", ""payload"": {""selector"": ""#twotabsearchtextbox"", ""value"": ""<script>alert('XSS')</script>""}}, ""confidence"": 0.8, ""reasoning"": ""Agent 2 (gemini-2.5-pro) independent analysis""}, {""agent_id"": 3, ""action"": {""type"": ""click"", ""target"": ""#nav-link-accountList"", ""payload"": {""selector"": ""#nav-link-accountList""}}, ""confidence"": 0.8, ""reasoning"": ""Agent 3 (grok-2-vision-1212) independent analysis""}, {""agent_id"": 1, ""action"": {""type"": ""navigate"", ""target"": ""/login"", ""payload"": null}, ""confidence"": 0.9, ""reasoning"": ""Agent 1 (gpt-4o) refined after discussion (confirmed original)""}, {""agent_id"": 2, ""action"": {""type"": ""fill"", ""target"": ""#twotabsearchtextbox"", ""payload"": {""selector"": ""#twotabsearchtextbox"", ""value"": ""<script>alert('XSS')</script>""}}, ""confidence"": 0.9, ""reasoning"": ""Agent 2 (gemini-2.5-pro) refined after discussion (confirmed original)""}, {""agent_id"": 3, ""action"": {""type"": ""click"", ""target"": ""#nav-link-accountList"", ""payload"": {""selector"": ""#nav-link-accountList""}}, ""confidence"": 0.9, ""reasoning"": ""Agent 3 (grok-2-vision-1212) refined after discussion (confirmed original)""}]","{""type"": ""navigate"", ""target"": ""/login"", ""payload"": null}","{""agent_1"": 0.9, ""agent_2"": 0.9, ""agent_3"": 0.9, ""consensus_strength"": 0.3}",True,0.569,True,ok,Adversarial Attacker,"[""Test security boundaries and input validation"", ""Attempt SQL injection attacks"", ""Try XSS (Cross-Site Scripting) attacks"", ""Test command injection vulnerabilities"", ""Probe for path traversal issues"", ""Report any security weaknesses discovered""]",Juice Shop Security Audit,Comprehensive security testing of OWASP Juice Shop application,"Perform a comprehensive security audit of the OWASP Juice Shop application, attempting to discover and exploit security vulnerabilities across OWASP Top 10 categories including injection attacks, broken access control, authentication failures, and other common vulnerabilities.",
20251123_210841_aea3fd68,8,2025-11-23T21:11:44.951172,navigate,/,results/adversarial_attacker_juice_shop_security_audit/screenshots/turn_8.png,"[{""agent_id"": 1, ""action"": {""type"": ""navigate"", ""target"": ""/"", ""payload"": null}, ""confidence"": 0.8, ""reasoning"": ""Agent 1 (gpt-4o) independent analysis""}, {""agent_id"": 2, ""action"": {""type"": ""navigate"", ""target"": ""/admin"", ""payload"": null}, ""confidence"": 0.8, ""reasoning"": ""Agent 2 (gemini-2.5-pro) independent analysis""}, {""agent_id"": 3, ""action"": {""type"": ""fill"", ""target"": ""#email"", ""payload"": {""selector"": ""#email"", ""value"": ""test@example.com""}}, ""confidence"": 0.8, ""reasoning"": ""Agent 3 (grok-2-vision-1212) independent analysis""}, {""agent_id"": 1, ""action"": {""type"": ""navigate"", ""target"": ""/"", ""payload"": null}, ""confidence"": 0.9, ""reasoning"": ""Agent 1 (gpt-4o) refined after discussion (confirmed original)""}, {""agent_id"": 2, ""action"": {""type"": ""navigate"", ""target"": ""/admin"", ""payload"": null}, ""confidence"": 0.9, ""reasoning"": ""Agent 2 (gemini-2.5-pro) refined after discussion (confirmed original)""}, {""agent_id"": 3, ""action"": {""type"": ""fill"", ""target"": ""#email"", ""payload"": {""selector"": ""#email"", ""value"": ""test@example.com<script>alert('XSS')</script>""}}, ""confidence"": 0.9, ""reasoning"": ""Agent 3 (grok-2-vision-1212) refined after discussion (confirmed original)""}]","{""type"": ""navigate"", ""target"": ""/"", ""payload"": null}","{""agent_1"": 0.9, ""agent_2"": 0.9, ""agent_3"": 0.9, ""consensus_strength"": 0.3}",True,0.591,True,ok,Adversarial Attacker,"[""Test security boundaries and input validation"", ""Attempt SQL injection attacks"", ""Try XSS (Cross-Site Scripting) attacks"", ""Test command injection vulnerabilities"", ""Probe for path traversal issues"", ""Report any security weaknesses discovered""]",Juice Shop Security Audit,Comprehensive security testing of OWASP Juice Shop application,"Perform a comprehensive security audit of the OWASP Juice Shop application, attempting to discover and exploit security vulnerabilities across OWASP Top 10 categories including injection attacks, broken access control, authentication failures, and other common vulnerabilities.",
20251123_210841_aea3fd68,9,2025-11-23T21:12:07.053308,navigate,/login,results/adversarial_attacker_juice_shop_security_audit/screenshots/turn_9.png,"[{""agent_id"": 1, ""action"": {""type"": ""navigate"", ""target"": ""/login"", ""payload"": null}, ""confidence"": 0.8, ""reasoning"": ""Agent 1 (gpt-4o) independent analysis""}, {""agent_id"": 2, ""action"": {""type"": ""fill"", ""target"": ""#twotabsearchtextbox"", ""payload"": {""selector"": ""#twotabsearchtextbox"", ""value"": ""<script>alert('XSS')</script>""}}, ""confidence"": 0.8, ""reasoning"": ""Agent 2 (gemini-2.5-pro) independent analysis""}, {""agent_id"": 3, ""action"": {""type"": ""navigate"", ""target"": ""/login"", ""payload"": null}, ""confidence"": 0.8, ""reasoning"": ""Agent 3 (grok-2-vision-1212) independent analysis""}, {""agent_id"": 1, ""action"": {""type"": ""navigate"", ""target"": ""/login"", ""payload"": null}, ""confidence"": 0.9, ""reasoning"": ""Agent 1 (gpt-4o) refined after discussion (confirmed original)""}, {""agent_id"": 2, ""action"": {""type"": ""fill"", ""target"": ""#twotabsearchtextbox"", ""payload"": {""selector"": ""#twotabsearchtextbox"", ""value"": ""<script>alert('XSS')</script>""}}, ""confidence"": 0.9, ""reasoning"": ""Agent 2 (gemini-2.5-pro) refined after discussion (confirmed original)""}, {""agent_id"": 3, ""action"": {""type"": ""navigate"", ""target"": ""/login"", ""payload"": null}, ""confidence"": 0.9, ""reasoning"": ""Agent 3 (grok-2-vision-1212) refined after discussion (confirmed original)""}]","{""type"": ""navigate"", ""target"": ""/login"", ""payload"": null}","{""agent_1"": 0.9, ""agent_2"": 0.9, ""agent_3"": 0.9, ""consensus_strength"": 0.6}",True,0.572,True,ok,Adversarial Attacker,"[""Test security boundaries and input validation"", ""Attempt SQL injection attacks"", ""Try XSS (Cross-Site Scripting) attacks"", ""Test command injection vulnerabilities"", ""Probe for path traversal issues"", ""Report any security weaknesses discovered""]",Juice Shop Security Audit,Comprehensive security testing of OWASP Juice Shop application,"Perform a comprehensive security audit of the OWASP Juice Shop application, attempting to discover and exploit security vulnerabilities across OWASP Top 10 categories including injection attacks, broken access control, authentication failures, and other common vulnerabilities.",
20251123_210841_aea3fd68,10,2025-11-23T21:12:37.388647,navigate,/,results/adversarial_attacker_juice_shop_security_audit/screenshots/turn_10.png,"[{""agent_id"": 1, ""action"": {""type"": ""navigate"", ""target"": ""/"", ""payload"": null}, ""confidence"": 0.8, ""reasoning"": ""Agent 1 (gpt-4o) independent analysis""}, {""agent_id"": 2, ""action"": {""type"": ""navigate"", ""target"": ""/ftp"", ""payload"": null}, ""confidence"": 0.8, ""reasoning"": ""Agent 2 (gemini-2.5-pro) independent analysis""}, {""agent_id"": 3, ""action"": {""type"": ""fill"", ""target"": ""#email"", ""payload"": {""selector"": ""#email"", ""value"": ""test@example.com<script>alert('XSS')</script>""}}, ""confidence"": 0.8, ""reasoning"": ""Agent 3 (grok-2-vision-1212) independent analysis""}, {""agent_id"": 1, ""action"": {""type"": ""navigate"", ""target"": ""/"", ""payload"": null}, ""confidence"": 0.9, ""reasoning"": ""Agent 1 (gpt-4o) refined after discussion (confirmed original)""}, {""agent_id"": 2, ""action"": {""type"": ""navigate"", ""target"": ""/"", ""payload"": null}, ""confidence"": 0.85, ""reasoning"": ""Agent 2 (gemini-2.5-pro) refined after discussion (changed mind)""}, {""agent_id"": 3, ""action"": {""type"": ""fill"", ""target"": ""#email"", ""payload"": {""selector"": ""#email"", ""value"": ""test@example.com<script>alert('XSS')</script>""}}, ""confidence"": 0.9, ""reasoning"": ""Agent 3 (grok-2-vision-1212) refined after discussion (confirmed original)""}]","{""type"": ""navigate"", ""target"": ""/"", ""payload"": null}","{""agent_1"": 0.9, ""agent_2"": 0.85, ""agent_3"": 0.9, ""consensus_strength"": 0.5833333333333334}",True,0.592,True,ok,Adversarial Attacker,"[""Test security boundaries and input validation"", ""Attempt SQL injection attacks"", ""Try XSS (Cross-Site Scripting) attacks"", ""Test command injection vulnerabilities"", ""Probe for path traversal issues"", ""Report any security weaknesses discovered""]",Juice Shop Security Audit,Comprehensive security testing of OWASP Juice Shop application,"Perform a comprehensive security audit of the OWASP Juice Shop application, attempting to discover and exploit security vulnerabilities across OWASP Top 10 categories including injection attacks, broken access control, authentication failures, and other common vulnerabilities.",
20251123_210841_aea3fd68,11,2025-11-23T21:12:56.907608,navigate,/login,results/adversarial_attacker_juice_shop_security_audit/screenshots/turn_11.png,"[{""agent_id"": 1, ""action"": {""type"": ""navigate"", ""target"": ""/login"", ""payload"": null}, ""confidence"": 0.8, ""reasoning"": ""Agent 1 (gpt-4o) independent analysis""}, {""agent_id"": 2, ""action"": {""type"": ""fill"", ""target"": ""#twotabsearchtextbox"", ""payload"": {""selector"": ""#twotabsearchtextbox"", ""value"": ""<script>alert('XSS')</script>""}}, ""confidence"": 0.8, ""reasoning"": ""Agent 2 (gemini-2.5-pro) independent analysis""}, {""agent_id"": 3, ""action"": {""type"": ""navigate"", ""target"": ""/login"", ""payload"": null}, ""confidence"": 0.8, ""reasoning"": ""Agent 3 (grok-2-vision-1212) independent analysis""}, {""agent_id"": 1, ""action"": {""type"": ""navigate"", ""target"": ""/login"", ""payload"": null}, ""confidence"": 0.9, ""reasoning"": ""Agent 1 (gpt-4o) refined after discussion (confirmed original)""}, {""agent_id"": 2, ""action"": {""type"": ""navigate"", ""target"": ""/login"", ""payload"": null}, ""confidence"": 0.85, ""reasoning"": ""Agent 2 (gemini-2.5-pro) refined after discussion (changed mind)""}, {""agent_id"": 3, ""action"": {""type"": ""navigate"", ""target"": ""/login"", ""payload"": null}, ""confidence"": 0.9, ""reasoning"": ""Agent 3 (grok-2-vision-1212) refined after discussion (confirmed original)""}]","{""type"": ""navigate"", ""target"": ""/login"", ""payload"": null}","{""agent_1"": 0.9, ""agent_2"": 0.85, ""agent_3"": 0.9, ""consensus_strength"": 0.8833333333333333}",True,0.561,True,ok,Adversarial Attacker,"[""Test security boundaries and input validation"", ""Attempt SQL injection attacks"", ""Try XSS (Cross-Site Scripting) attacks"", ""Test command injection vulnerabilities"", ""Probe for path traversal issues"", ""Report any security weaknesses discovered""]",Juice Shop Security Audit,Comprehensive security testing of OWASP Juice Shop application,"Perform a comprehensive security audit of the OWASP Juice Shop application, attempting to discover and exploit security vulnerabilities across OWASP Top 10 categories including injection attacks, broken access control, authentication failures, and other common vulnerabilities.",
20251123_210841_aea3fd68,12,2025-11-23T21:13:22.458896,fill,#email,results/adversarial_attacker_juice_shop_security_audit/screenshots/turn_12.png,"[{""agent_id"": 1, ""action"": {""type"": ""navigate"", ""target"": ""/"", ""payload"": null}, ""confidence"": 0.8, ""reasoning"": ""Agent 1 (gpt-4o) independent analysis""}, {""agent_id"": 2, ""action"": {""type"": ""navigate"", ""target"": ""/"", ""payload"": null}, ""confidence"": 0.8, ""reasoning"": ""Agent 2 (gemini-2.5-pro) independent analysis""}, {""agent_id"": 3, ""action"": {""type"": ""fill"", ""target"": ""#email"", ""payload"": {""selector"": ""#email"", ""value"": ""test' OR '1'='1'--""}}, ""confidence"": 0.8, ""reasoning"": ""Agent 3 (grok-2-vision-1212) independent analysis""}, {""agent_id"": 1, ""action"": {""type"": ""navigate"", ""target"": ""/"", ""payload"": null}, ""confidence"": 0.9, ""reasoning"": ""Agent 1 (gpt-4o) refined after discussion (confirmed original)""}, {""agent_id"": 2, ""action"": {""type"": ""fill"", ""target"": ""#email"", ""payload"": {""selector"": ""#email"", ""value"": ""' OR 1=1 --""}}, ""confidence"": 0.85, ""reasoning"": ""Agent 2 (gemini-2.5-pro) refined after discussion (changed mind)""}, {""agent_id"": 3, ""action"": {""type"": ""fill"", ""target"": ""#email"", ""payload"": {""selector"": ""#email"", ""value"": ""test@example.com""}}, ""confidence"": 0.9, ""reasoning"": ""Agent 3 (grok-2-vision-1212) refined after discussion (confirmed original)""}]","{""type"": ""fill"", ""target"": ""#email"", ""payload"": {""selector"": ""#email"", ""value"": ""' OR 1=1 --""}}","{""agent_1"": 0.9, ""agent_2"": 0.85, ""agent_3"": 0.9, ""consensus_strength"": 0.5833333333333334}",True,5.014,True,ok,Adversarial Attacker,"[""Test security boundaries and input validation"", ""Attempt SQL injection attacks"", ""Try XSS (Cross-Site Scripting) attacks"", ""Test command injection vulnerabilities"", ""Probe for path traversal issues"", ""Report any security weaknesses discovered""]",Juice Shop Security Audit,Comprehensive security testing of OWASP Juice Shop application,"Perform a comprehensive security audit of the OWASP Juice Shop application, attempting to discover and exploit security vulnerabilities across OWASP Top 10 categories including injection attacks, broken access control, authentication failures, and other common vulnerabilities.",
20251123_210841_aea3fd68,13,2025-11-23T21:13:44.164675,fill,#password,results/adversarial_attacker_juice_shop_security_audit/screenshots/turn_13.png,"[{""agent_id"": 1, ""action"": {""type"": ""navigate"", ""target"": ""/search"", ""payload"": null}, ""confidence"": 0.8, ""reasoning"": ""Agent 1 (gpt-4o) independent analysis""}, {""agent_id"": 2, ""action"": {""type"": ""fill"", ""target"": ""#password"", ""payload"": {""selector"": ""#password"", ""value"": ""password""}}, ""confidence"": 0.8, ""reasoning"": ""Agent 2 (gemini-2.5-pro) independent analysis""}, {""agent_id"": 3, ""action"": {""type"": ""fill"", ""target"": ""#password"", ""payload"": {""selector"": ""#password"", ""value"": ""' OR '1'='1""}}, ""confidence"": 0.8, ""reasoning"": ""Agent 3 (grok-2-vision-1212) independent analysis""}, {""agent_id"": 1, ""action"": {""type"": ""navigate"", ""target"": ""/search"", ""payload"": null}, ""confidence"": 0.9, ""reasoning"": ""Agent 1 (gpt-4o) refined after discussion (confirmed original)""}, {""agent_id"": 2, ""action"": {""type"": ""fill"", ""target"": ""#password"", ""payload"": {""selector"": ""#password"", ""value"": ""any""}}, ""confidence"": 0.9, ""reasoning"": ""Agent 2 (gemini-2.5-pro) refined after discussion (confirmed original)""}, {""agent_id"": 3, ""action"": {""type"": ""fill"", ""target"": ""#password"", ""payload"": {""selector"": ""#password"", ""value"": ""' OR '1'='1""}}, ""confidence"": 0.9, ""reasoning"": ""Agent 3 (grok-2-vision-1212) refined after discussion (confirmed original)""}]","{""type"": ""fill"", ""target"": ""#password"", ""payload"": {""selector"": ""#password"", ""value"": ""any""}}","{""agent_1"": 0.9, ""agent_2"": 0.9, ""agent_3"": 0.9, ""consensus_strength"": 0.6}",True,5.006,True,ok,Adversarial Attacker,"[""Test security boundaries and input validation"", ""Attempt SQL injection attacks"", ""Try XSS (Cross-Site Scripting) attacks"", ""Test command injection vulnerabilities"", ""Probe for path traversal issues"", ""Report any security weaknesses discovered""]",Juice Shop Security Audit,Comprehensive security testing of OWASP Juice Shop application,"Perform a comprehensive security audit of the OWASP Juice Shop application, attempting to discover and exploit security vulnerabilities across OWASP Top 10 categories including injection attacks, broken access control, authentication failures, and other common vulnerabilities.",
20251123_210841_aea3fd68,14,2025-11-23T21:14:06.429349,click,#loginButton,results/adversarial_attacker_juice_shop_security_audit/screenshots/turn_14.png,"[{""agent_id"": 1, ""action"": {""type"": ""navigate"", ""target"": ""/"", ""payload"": null}, ""confidence"": 0.8, ""reasoning"": ""Agent 1 (gpt-4o) independent analysis""}, {""agent_id"": 2, ""action"": {""type"": ""navigate"", ""target"": ""/admin"", ""payload"": null}, ""confidence"": 0.8, ""reasoning"": ""Agent 2 (gemini-2.5-pro) independent analysis""}, {""agent_id"": 3, ""action"": {""type"": ""click"", ""target"": ""#loginButton"", ""payload"": {""selector"": ""#loginButton""}}, ""confidence"": 0.8, ""reasoning"": ""Agent 3 (grok-2-vision-1212) independent analysis""}, {""agent_id"": 1, ""action"": {""type"": ""navigate"", ""target"": ""/"", ""payload"": null}, ""confidence"": 0.9, ""reasoning"": ""Agent 1 (gpt-4o) refined after discussion (confirmed original)""}, {""agent_id"": 2, ""action"": {""type"": ""click"", ""target"": ""#loginButton"", ""payload"": {""selector"": ""#loginButton""}}, ""confidence"": 0.85, ""reasoning"": ""Agent 2 (gemini-2.5-pro) refined after discussion (changed mind)""}, {""agent_id"": 3, ""action"": {""type"": ""click"", ""target"": ""#loginButton"", ""payload"": {""selector"": ""#loginButton""}}, ""confidence"": 0.9, ""reasoning"": ""Agent 3 (grok-2-vision-1212) refined after discussion (confirmed original)""}]","{""type"": ""click"", ""target"": ""#loginButton"", ""payload"": {""selector"": ""#loginButton""}}","{""agent_1"": 0.9, ""agent_2"": 0.85, ""agent_3"": 0.9, ""consensus_strength"": 0.5833333333333334}",True,5.004,True,ok,Adversarial Attacker,"[""Test security boundaries and input validation"", ""Attempt SQL injection attacks"", ""Try XSS (Cross-Site Scripting) attacks"", ""Test command injection vulnerabilities"", ""Probe for path traversal issues"", ""Report any security weaknesses discovered""]",Juice Shop Security Audit,Comprehensive security testing of OWASP Juice Shop application,"Perform a comprehensive security audit of the OWASP Juice Shop application, attempting to discover and exploit security vulnerabilities across OWASP Top 10 categories including injection attacks, broken access control, authentication failures, and other common vulnerabilities.",
20251123_210841_aea3fd68,15,2025-11-23T21:14:25.785599,navigate,/admin,results/adversarial_attacker_juice_shop_security_audit/screenshots/turn_15.png,"[{""agent_id"": 1, ""action"": {""type"": ""navigate"", ""target"": ""/search"", ""payload"": null}, ""confidence"": 0.8, ""reasoning"": ""Agent 1 (gpt-4o) independent analysis""}, {""agent_id"": 2, ""action"": {""type"": ""navigate"", ""target"": ""/admin"", ""payload"": null}, ""confidence"": 0.8, ""reasoning"": ""Agent 2 (gemini-2.5-pro) independent analysis""}, {""agent_id"": 3, ""action"": {""type"": ""navigate"", ""target"": ""/search"", ""payload"": null}, ""confidence"": 0.8, ""reasoning"": ""Agent 3 (grok-2-vision-1212) independent analysis""}, {""agent_id"": 1, ""action"": {""type"": ""navigate"", ""target"": ""/search"", ""payload"": null}, ""confidence"": 0.9, ""reasoning"": ""Agent 1 (gpt-4o) refined after discussion (confirmed original)""}, {""agent_id"": 2, ""action"": {""type"": ""navigate"", ""target"": ""/admin"", ""payload"": null}, ""confidence"": 0.9, ""reasoning"": ""Agent 2 (gemini-2.5-pro) refined after discussion (confirmed original)""}, {""agent_id"": 3, ""action"": {""type"": ""navigate"", ""target"": ""/admin"", ""payload"": null}, ""confidence"": 0.85, ""reasoning"": ""Agent 3 (grok-2-vision-1212) refined after discussion (changed mind)""}]","{""type"": ""navigate"", ""target"": ""/admin"", ""payload"": null}","{""agent_1"": 0.9, ""agent_2"": 0.9, ""agent_3"": 0.85, ""consensus_strength"": 0.5833333333333334}",True,0.557,True,ok,Adversarial Attacker,"[""Test security boundaries and input validation"", ""Attempt SQL injection attacks"", ""Try XSS (Cross-Site Scripting) attacks"", ""Test command injection vulnerabilities"", ""Probe for path traversal issues"", ""Report any security weaknesses discovered""]",Juice Shop Security Audit,Comprehensive security testing of OWASP Juice Shop application,"Perform a comprehensive security audit of the OWASP Juice Shop application, attempting to discover and exploit security vulnerabilities across OWASP Top 10 categories including injection attacks, broken access control, authentication failures, and other common vulnerabilities.",
20251123_210841_aea3fd68,16,2025-11-23T21:14:43.438402,navigate,/,results/adversarial_attacker_juice_shop_security_audit/screenshots/turn_16.png,"[{""agent_id"": 1, ""action"": {""type"": ""navigate"", ""target"": ""/search"", ""payload"": null}, ""confidence"": 0.8, ""reasoning"": ""Agent 1 (gpt-4o) independent analysis""}, {""agent_id"": 2, ""action"": {""type"": ""navigate"", ""target"": ""/"", ""payload"": null}, ""confidence"": 0.8, ""reasoning"": ""Agent 2 (gemini-2.5-pro) independent analysis""}, {""agent_id"": 3, ""action"": {""type"": ""navigate"", ""target"": ""/"", ""payload"": null}, ""confidence"": 0.8, ""reasoning"": ""Agent 3 (grok-2-vision-1212) independent analysis""}, {""agent_id"": 1, ""action"": {""type"": ""navigate"", ""target"": ""/"", ""payload"": null}, ""confidence"": 0.85, ""reasoning"": ""Agent 1 (gpt-4o) refined after discussion (changed mind)""}, {""agent_id"": 2, ""action"": {""type"": ""navigate"", ""target"": ""/"", ""payload"": null}, ""confidence"": 0.9, ""reasoning"": ""Agent 2 (gemini-2.5-pro) refined after discussion (confirmed original)""}, {""agent_id"": 3, ""action"": {""type"": ""navigate"", ""target"": ""/search"", ""payload"": null}, ""confidence"": 0.85, ""reasoning"": ""Agent 3 (grok-2-vision-1212) refined after discussion (changed mind)""}]","{""type"": ""navigate"", ""target"": ""/"", ""payload"": null}","{""agent_1"": 0.85, ""agent_2"": 0.9, ""agent_3"": 0.85, ""consensus_strength"": 0.5833333333333334}",True,0.588,True,ok,Adversarial Attacker,"[""Test security boundaries and input validation"", ""Attempt SQL injection attacks"", ""Try XSS (Cross-Site Scripting) attacks"", ""Test command injection vulnerabilities"", ""Probe for path traversal issues"", ""Report any security weaknesses discovered""]",Juice Shop Security Audit,Comprehensive security testing of OWASP Juice Shop application,"Perform a comprehensive security audit of the OWASP Juice Shop application, attempting to discover and exploit security vulnerabilities across OWASP Top 10 categories including injection attacks, broken access control, authentication failures, and other common vulnerabilities.",
20251123_210841_aea3fd68,17,2025-11-23T21:15:11.499146,click,#nav-link-accountList,results/adversarial_attacker_juice_shop_security_audit/screenshots/turn_17.png,"[{""agent_id"": 1, ""action"": {""type"": ""click"", ""target"": ""#search"", ""payload"": {""selector"": ""#search""}}, ""confidence"": 0.8, ""reasoning"": ""Agent 1 (gpt-4o) independent analysis""}, {""agent_id"": 2, ""action"": {""type"": ""fill"", ""target"": ""#twotabsearchtextbox"", ""payload"": {""selector"": ""#twotabsearchtextbox"", ""value"": ""<script>alert('XSS')</script>""}}, ""confidence"": 0.8, ""reasoning"": ""Agent 2 (gemini-2.5-pro) independent analysis""}, {""agent_id"": 3, ""action"": {""type"": ""click"", ""target"": ""#nav-link-accountList"", ""payload"": {""selector"": ""#nav-link-accountList""}}, ""confidence"": 0.8, ""reasoning"": ""Agent 3 (grok-2-vision-1212) independent analysis""}, {""agent_id"": 1, ""action"": {""type"": ""click"", ""target"": ""#nav-link-accountList"", ""payload"": {""selector"": ""#nav-link-accountList""}}, ""confidence"": 0.85, ""reasoning"": ""Agent 1 (gpt-4o) refined after discussion (changed mind)""}, {""agent_id"": 2, ""action"": {""type"": ""fill"", ""target"": ""#twotabsearchtextbox"", ""payload"": {""selector"": ""#twotabsearchtextbox"", ""value"": ""<script>alert('XSS')</script>""}}, ""confidence"": 0.9, ""reasoning"": ""Agent 2 (gemini-2.5-pro) refined after discussion (confirmed original)""}, {""agent_id"": 3, ""action"": {""type"": ""click"", ""target"": ""#nav-link-accountList"", ""payload"": {""selector"": ""#nav-link-accountList""}}, ""confidence"": 0.9, ""reasoning"": ""Agent 3 (grok-2-vision-1212) refined after discussion (confirmed original)""}]","{""type"": ""click"", ""target"": ""#nav-link-accountList"", ""payload"": {""selector"": ""#nav-link-accountList""}}","{""agent_1"": 0.85, ""agent_2"": 0.9, ""agent_3"": 0.9, ""consensus_strength"": 0.5833333333333334}",True,5.002,True,ok,Adversarial Attacker,"[""Test security boundaries and input validation"", ""Attempt SQL injection attacks"", ""Try XSS (Cross-Site Scripting) attacks"", ""Test command injection vulnerabilities"", ""Probe for path traversal issues"", ""Report any security weaknesses discovered""]",Juice Shop Security Audit,Comprehensive security testing of OWASP Juice Shop application,"Perform a comprehensive security audit of the OWASP Juice Shop application, attempting to discover and exploit security vulnerabilities across OWASP Top 10 categories including injection attacks, broken access control, authentication failures, and other common vulnerabilities.",
20251123_210841_aea3fd68,18,2025-11-23T21:15:32.004377,click,#nav-link-accountList,results/adversarial_attacker_juice_shop_security_audit/screenshots/turn_18.png,"[{""agent_id"": 1, ""action"": {""type"": ""click"", ""target"": ""#nav-link-accountList"", ""payload"": {""selector"": ""#nav-link-accountList""}}, ""confidence"": 0.8, ""reasoning"": ""Agent 1 (gpt-4o) independent analysis""}, {""agent_id"": 2, ""action"": {""type"": ""fill"", ""target"": ""#twotabsearchtextbox"", ""payload"": {""selector"": ""#twotabsearchtextbox"", ""value"": ""<script>alert('XSS')</script>""}}, ""confidence"": 0.8, ""reasoning"": ""Agent 2 (gemini-2.5-pro) independent analysis""}, {""agent_id"": 3, ""action"": {""type"": ""navigate"", ""target"": ""/login"", ""payload"": null}, ""confidence"": 0.8, ""reasoning"": ""Agent 3 (grok-2-vision-1212) independent analysis""}, {""agent_id"": 1, ""action"": {""type"": ""click"", ""target"": ""#nav-link-accountList"", ""payload"": {""selector"": ""#nav-link-accountList""}}, ""confidence"": 0.9, ""reasoning"": ""Agent 1 (gpt-4o) refined after discussion (confirmed original)""}, {""agent_id"": 2, ""action"": {""type"": ""fill"", ""target"": ""#twotabsearchtextbox"", ""payload"": {""selector"": ""#twotabsearchtextbox"", ""value"": ""<script>alert('XSS')</script>""}}, ""confidence"": 0.9, ""reasoning"": ""Agent 2 (gemini-2.5-pro) refined after discussion (confirmed original)""}, {""agent_id"": 3, ""action"": {""type"": ""navigate"", ""target"": ""/login"", ""payload"": null}, ""confidence"": 0.9, ""reasoning"": ""Agent 3 (grok-2-vision-1212) refined after discussion (confirmed original)""}]","{""type"": ""click"", ""target"": ""#nav-link-accountList"", ""payload"": {""selector"": ""#nav-link-accountList""}}","{""agent_1"": 0.9, ""agent_2"": 0.9, ""agent_3"": 0.9, ""consensus_strength"": 0.3}",False,0.0,True,loop_detected:Loop detected: Agents attempted to repeat action 'click -> #nav-link-accountList' immediately.,Adversarial Attacker,"[""Test security boundaries and input validation"", ""Attempt SQL injection attacks"", ""Try XSS (Cross-Site Scripting) attacks"", ""Test command injection vulnerabilities"", ""Probe for path traversal issues"", ""Report any security weaknesses discovered""]",Juice Shop Security Audit,Comprehensive security testing of OWASP Juice Shop application,"Perform a comprehensive security audit of the OWASP Juice Shop application, attempting to discover and exploit security vulnerabilities across OWASP Top 10 categories including injection attacks, broken access control, authentication failures, and other common vulnerabilities.",
